timestamp,node_type,operation,data_size_bytes,latency_ms,throughput_mbps,success,error_type,connection_id
2025-12-12 15:15:13.852,smart_meter,send_encrypted_data,657505,0.643,8180.467,true,none,18
2025-12-12 15:15:13.853,smart_meter,send_encrypted_data,658035,0.660,7976.182,true,none,35
2025-12-12 15:15:13.860,smart_meter,send_encrypted_data,658169,0.728,7232.626,true,none,27
2025-12-12 15:15:13.860,smart_meter,send_encrypted_data,657570,0.672,7828.214,true,none,61
2025-12-12 15:15:13.861,smart_meter,send_encrypted_data,658020,0.686,7673.703,true,none,58
2025-12-12 15:15:13.863,smart_meter,send_encrypted_data,658267,1.144,4603.266,true,none,164
2025-12-12 15:15:13.864,smart_meter,send_encrypted_data,657474,0.728,7224.989,true,none,132
2025-12-12 15:15:13.864,smart_meter,send_encrypted_data,657610,0.742,7090.135,true,none,4
2025-12-12 15:15:13.865,smart_meter,send_encrypted_data,658259,0.654,8052.098,true,none,55
2025-12-12 15:15:13.869,smart_meter,send_encrypted_data,658247,0.612,8604.536,true,none,91
2025-12-12 15:15:13.869,smart_meter,send_encrypted_data,657407,0.659,7980.662,true,none,39
2025-12-12 15:15:13.871,smart_meter,send_encrypted_data,658129,0.717,7343.141,true,none,130
2025-12-12 15:15:13.871,smart_meter,send_encrypted_data,658028,0.685,7684.999,true,none,17
2025-12-12 15:15:13.872,smart_meter,send_encrypted_data,657885,5.796,908.054,true,none,115
2025-12-12 15:15:13.874,smart_meter,send_encrypted_data,657244,0.669,7859.420,true,none,234
2025-12-12 15:15:13.875,smart_meter,send_encrypted_data,657291,0.670,7848.251,true,none,5
2025-12-12 15:15:13.876,smart_meter,send_encrypted_data,658214,0.657,8014.782,true,none,221
2025-12-12 15:15:13.876,smart_meter,send_encrypted_data,657334,3.054,1721.897,true,none,277
2025-12-12 15:15:13.878,smart_meter,send_encrypted_data,657335,0.637,8255.385,true,none,208
2025-12-12 15:15:13.880,smart_meter,send_encrypted_data,658136,0.639,8239.574,true,none,81
2025-12-12 15:15:13.880,smart_meter,send_encrypted_data,657394,0.669,7861.214,true,none,241
2025-12-12 15:15:13.881,smart_meter,send_encrypted_data,658131,0.669,7870.027,true,none,134
2025-12-12 15:15:13.881,smart_meter,send_encrypted_data,658298,1.721,3060.072,true,none,138
2025-12-12 15:15:13.883,smart_meter,send_encrypted_data,657312,0.928,5666.483,true,none,249
2025-12-12 15:15:13.884,smart_meter,send_encrypted_data,658280,0.653,8064.686,true,none,192
2025-12-12 15:15:13.884,smart_meter,send_encrypted_data,657739,0.699,7527.771,true,none,160
2025-12-12 15:15:13.884,smart_meter,send_encrypted_data,658230,0.698,7544.183,true,none,12
2025-12-12 15:15:13.886,smart_meter,send_encrypted_data,658188,0.633,8318.332,true,none,45
2025-12-12 15:15:13.886,smart_meter,send_encrypted_data,657850,0.647,8134.158,true,none,52
2025-12-12 15:15:13.887,smart_meter,send_encrypted_data,658254,0.682,7721.455,true,none,181
2025-12-12 15:15:13.887,smart_meter,send_encrypted_data,658256,0.665,7918.869,true,none,48
2025-12-12 15:15:13.888,smart_meter,send_encrypted_data,657599,0.765,6876.852,true,none,67
2025-12-12 15:15:13.891,smart_meter,send_encrypted_data,657387,0.651,8078.488,true,none,172
2025-12-12 15:15:13.892,smart_meter,send_encrypted_data,657221,2.718,1934.425,true,none,303
2025-12-12 15:15:13.892,smart_meter,send_encrypted_data,657996,0.728,7230.725,true,none,415
2025-12-12 15:15:13.892,smart_meter,send_encrypted_data,658271,0.693,7599.088,true,none,156
2025-12-12 15:15:13.892,smart_meter,send_encrypted_data,658162,1.671,3150.985,true,none,258
2025-12-12 15:15:13.893,smart_meter,send_encrypted_data,657307,4.073,1291.052,true,none,114
2025-12-12 15:15:13.895,smart_meter,send_encrypted_data,657472,0.677,7769.241,true,none,406
2025-12-12 15:15:13.896,smart_meter,send_encrypted_data,657263,0.632,8319.785,true,none,387
2025-12-12 15:15:13.897,smart_meter,send_encrypted_data,658005,0.663,7939.729,true,none,23
2025-12-12 15:15:13.897,smart_meter,send_encrypted_data,657369,0.760,6919.674,true,none,75
2025-12-12 15:15:13.897,smart_meter,send_encrypted_data,657726,0.706,7452.986,true,none,37
2025-12-12 15:15:13.898,smart_meter,send_encrypted_data,658007,1.050,5013.387,true,none,266
2025-12-12 15:15:13.898,smart_meter,send_encrypted_data,658146,0.640,8226.825,true,none,83
2025-12-12 15:15:13.899,smart_meter,send_encrypted_data,658101,0.776,6784.546,true,none,173
2025-12-12 15:15:13.899,smart_meter,send_encrypted_data,657715,0.836,6293.923,true,none,232
2025-12-12 15:15:13.900,smart_meter,send_encrypted_data,658179,0.669,7870.601,true,none,21
2025-12-12 15:15:13.900,smart_meter,send_encrypted_data,658179,1.982,2656.626,true,none,283
2025-12-12 15:15:13.901,smart_meter,send_encrypted_data,657258,0.622,8453.479,true,none,108
2025-12-12 15:15:13.903,smart_meter,send_encrypted_data,657915,0.755,6971.285,true,none,50
2025-12-12 15:15:13.903,smart_meter,send_encrypted_data,658205,7.403,711.285,true,none,439
2025-12-12 15:15:13.903,smart_meter,send_encrypted_data,657355,5.535,950.107,true,none,84
2025-12-12 15:15:13.903,smart_meter,send_encrypted_data,657662,0.740,7109.859,true,none,256
2025-12-12 15:15:13.905,smart_meter,send_encrypted_data,657830,0.747,7045.033,true,none,157
2025-12-12 15:15:13.905,smart_meter,send_encrypted_data,658286,7.228,728.595,true,none,127
2025-12-12 15:15:13.906,smart_meter,send_encrypted_data,657378,1.144,4597.049,true,none,59
2025-12-12 15:15:13.906,smart_meter,send_encrypted_data,657426,0.786,6691.359,true,none,6
2025-12-12 15:15:13.906,smart_meter,send_encrypted_data,657272,12.020,437.452,true,none,33
2025-12-12 15:15:13.906,smart_meter,send_encrypted_data,657428,12.475,421.597,true,none,225
2025-12-12 15:15:13.907,smart_meter,send_encrypted_data,657183,39.388,133.479,true,none,118
2025-12-12 15:15:13.907,smart_meter,send_encrypted_data,657350,0.673,7813.967,true,none,206
2025-12-12 15:15:13.899,smart_meter,send_encrypted_data,657995,1.803,2919.556,true,none,19
2025-12-12 15:15:13.908,smart_meter,send_encrypted_data,657844,11.479,458.468,true,none,93
2025-12-12 15:15:13.908,smart_meter,send_encrypted_data,657368,0.846,6216.246,true,none,187
2025-12-12 15:15:13.909,smart_meter,send_encrypted_data,658294,4.946,1064.770,true,none,257
2025-12-12 15:15:13.910,smart_meter,send_encrypted_data,658249,0.759,6938.066,true,none,438
2025-12-12 15:15:13.911,smart_meter,send_encrypted_data,658166,0.935,5631.367,true,none,230
2025-12-12 15:15:13.912,smart_meter,send_encrypted_data,658177,8.322,632.710,true,none,65
2025-12-12 15:15:13.914,smart_meter,send_encrypted_data,658194,0.711,7405.840,true,none,194
2025-12-12 15:15:13.915,smart_meter,send_encrypted_data,657339,0.995,5285.138,true,none,311
2025-12-12 15:15:13.915,smart_meter,send_encrypted_data,658120,0.762,6909.396,true,none,111
2025-12-12 15:15:13.916,smart_meter,send_encrypted_data,658082,2.697,1952.042,true,none,121
2025-12-12 15:15:13.918,smart_meter,send_encrypted_data,657416,0.665,7908.764,true,none,125
2025-12-12 15:15:13.918,smart_meter,send_encrypted_data,658317,0.842,6254.793,true,none,102
2025-12-12 15:15:13.919,smart_meter,send_encrypted_data,657260,0.880,5975.091,true,none,403
2025-12-12 15:15:13.919,smart_meter,send_encrypted_data,657532,0.977,5384.090,true,none,142
2025-12-12 15:15:13.919,smart_meter,send_encrypted_data,657936,1.011,5206.220,true,none,260
2025-12-12 15:15:13.920,smart_meter,send_encrypted_data,658293,0.668,7883.749,true,none,189
2025-12-12 15:15:13.921,smart_meter,send_encrypted_data,658093,0.638,8251.950,true,none,63
2025-12-12 15:15:13.921,smart_meter,send_encrypted_data,658097,0.757,6954.790,true,none,401
2025-12-12 15:15:13.922,smart_meter,send_encrypted_data,657233,0.670,7847.558,true,none,217
2025-12-12 15:15:13.922,smart_meter,send_encrypted_data,657021,0.650,8086.412,true,none,226
2025-12-12 15:15:13.923,smart_meter,send_encrypted_data,657967,0.686,7673.085,true,none,56
2025-12-12 15:15:13.923,smart_meter,send_encrypted_data,658043,0.747,7047.315,true,none,28
2025-12-12 15:15:13.923,smart_meter,send_encrypted_data,658087,0.878,5996.237,true,none,442
2025-12-12 15:15:13.924,smart_meter,send_encrypted_data,657276,17.019,308.961,true,none,74
2025-12-12 15:15:13.924,smart_meter,send_encrypted_data,657999,0.737,7142.459,true,none,150
2025-12-12 15:15:13.925,smart_meter,send_encrypted_data,657679,0.654,8045.003,true,none,100
2025-12-12 15:15:13.925,smart_meter,send_encrypted_data,658160,0.792,6648.081,true,none,77
2025-12-12 15:15:13.926,smart_meter,send_encrypted_data,658058,0.712,7393.910,true,none,161
2025-12-12 15:15:13.926,smart_meter,send_encrypted_data,657727,5.088,1034.162,true,none,137
2025-12-12 15:15:13.945,smart_meter,send_encrypted_data,658029,0.636,8277.094,true,none,94
2025-12-12 15:15:13.966,smart_meter,send_encrypted_data,658124,10.456,503.538,true,none,99
2025-12-12 15:15:13.967,smart_meter,send_encrypted_data,658196,11.872,443.528,true,none,68
2025-12-12 15:15:13.967,smart_meter,send_encrypted_data,658295,0.662,7955.227,true,none,135
2025-12-12 15:15:13.967,smart_meter,send_encrypted_data,658273,21.363,246.510,true,none,407
2025-12-12 15:15:13.961,smart_meter,send_encrypted_data,657995,18.803,279.953,true,none,203
2025-12-12 15:15:13.968,smart_meter,send_encrypted_data,657790,18.807,279.806,true,none,147
2025-12-12 15:15:13.968,smart_meter,send_encrypted_data,658314,0.715,7365.751,true,none,31
2025-12-12 15:15:13.968,smart_meter,send_encrypted_data,657106,0.714,7362.532,true,none,304
2025-12-12 15:15:13.969,smart_meter,send_encrypted_data,658076,16.680,315.624,true,none,179
2025-12-12 15:15:13.969,smart_meter,send_encrypted_data,657900,40.147,131.098,true,none,72
2025-12-12 15:15:13.966,smart_meter,send_encrypted_data,657357,12.122,433.827,true,none,146
2025-12-12 15:15:13.969,smart_meter,send_encrypted_data,657645,0.679,7748.395,true,none,267
2025-12-12 15:15:13.970,smart_meter,send_encrypted_data,658286,0.710,7417.307,true,none,268
2025-12-12 15:15:13.974,smart_meter,send_encrypted_data,657599,0.685,7679.988,true,none,396
2025-12-12 15:15:13.974,smart_meter,send_encrypted_data,658166,0.674,7812.059,true,none,223
2025-12-12 15:15:13.976,smart_meter,send_encrypted_data,657218,0.655,8027.090,true,none,11
2025-12-12 15:15:13.977,smart_meter,send_encrypted_data,658258,0.750,7021.419,true,none,390
2025-12-12 15:15:13.977,smart_meter,send_encrypted_data,657008,0.701,7497.951,true,none,307
2025-12-12 15:15:13.975,smart_meter,send_encrypted_data,657159,10.568,497.471,true,none,165
2025-12-12 15:15:13.977,smart_meter,send_encrypted_data,658140,9.572,550.054,true,none,177
2025-12-12 15:15:13.978,smart_meter,send_encrypted_data,657469,0.755,6966.559,true,none,159
2025-12-12 15:15:13.978,smart_meter,send_encrypted_data,657763,0.714,7369.894,true,none,171
2025-12-12 15:15:13.978,smart_meter,send_encrypted_data,657864,54.742,96.140,true,none,154
2025-12-12 15:15:13.979,smart_meter,send_encrypted_data,657300,0.676,7778.698,true,none,269
2025-12-12 15:15:13.979,smart_meter,send_encrypted_data,656972,0.655,8024.085,true,none,64
2025-12-12 15:15:13.980,smart_meter,send_encrypted_data,657578,37.682,139.606,true,none,141
2025-12-12 15:15:13.980,smart_meter,send_encrypted_data,657405,0.676,7779.941,true,none,16
2025-12-12 15:15:13.981,smart_meter,send_encrypted_data,657496,91.314,57.603,true,none,123
2025-12-12 15:15:13.982,smart_meter,send_encrypted_data,658176,88.518,59.484,true,none,36
2025-12-12 15:15:13.983,smart_meter,send_encrypted_data,658052,0.674,7810.706,true,none,344
2025-12-12 15:15:13.984,smart_meter,send_encrypted_data,657797,78.408,67.115,true,none,214
2025-12-12 15:15:13.984,smart_meter,send_encrypted_data,658268,0.680,7744.329,true,none,97
2025-12-12 15:15:13.926,smart_meter,send_encrypted_data,656116,0.754,6961.443,true,none,54
2025-12-12 15:15:13.985,smart_meter,send_encrypted_data,658201,92.203,57.109,true,none,25
2025-12-12 15:15:13.932,smart_meter,send_encrypted_data,658112,0.983,5355.947,true,none,116
2025-12-12 15:15:13.927,smart_meter,send_encrypted_data,657390,9.335,563.377,true,none,124
2025-12-12 15:15:13.987,smart_meter,send_encrypted_data,657791,0.664,7925.193,true,none,98
2025-12-12 15:15:13.988,smart_meter,send_encrypted_data,658120,1.405,3747.302,true,none,486
2025-12-12 15:15:13.989,smart_meter,send_encrypted_data,657944,0.655,8035.957,true,none,218
2025-12-12 15:15:13.927,smart_meter,send_encrypted_data,658262,1.078,4885.061,true,none,8
2025-12-12 15:15:13.991,smart_meter,send_encrypted_data,657957,0.630,8355.010,true,none,103
2025-12-12 15:15:13.992,smart_meter,send_encrypted_data,658131,0.642,8201.009,true,none,191
2025-12-12 15:15:13.993,smart_meter,send_encrypted_data,657763,0.677,7772.679,true,none,76
2025-12-12 15:15:13.993,smart_meter,send_encrypted_data,657338,0.701,7501.718,true,none,310
2025-12-12 15:15:13.994,smart_meter,send_encrypted_data,657591,6.639,792.398,true,none,148
2025-12-12 15:15:13.994,smart_meter,send_encrypted_data,658133,5.024,1047.982,true,none,186
2025-12-12 15:15:13.995,smart_meter,send_encrypted_data,658004,0.630,8355.606,true,none,15
2025-12-12 15:15:13.996,smart_meter,send_encrypted_data,658150,8.085,651.231,true,none,337
2025-12-12 15:15:13.997,smart_meter,send_encrypted_data,657205,21.388,245.822,true,none,169
2025-12-12 15:15:13.998,smart_meter,send_encrypted_data,658238,0.641,8215.139,true,none,190
2025-12-12 15:15:13.999,smart_meter,send_encrypted_data,658184,0.654,8051.180,true,none,92
2025-12-12 15:15:14.000,smart_meter,send_encrypted_data,657605,0.700,7515.486,true,none,423
2025-12-12 15:15:14.000,smart_meter,send_encrypted_data,657473,0.692,7600.844,true,none,14
2025-12-12 15:15:14.001,smart_meter,send_encrypted_data,657961,0.620,8489.819,true,none,326
2025-12-12 15:15:14.002,smart_meter,send_encrypted_data,658165,0.692,7608.844,true,none,336
2025-12-12 15:15:14.002,smart_meter,send_encrypted_data,657285,0.654,8040.183,true,none,329
2025-12-12 15:15:14.003,smart_meter,send_encrypted_data,658211,0.679,7755.063,true,none,193
2025-12-12 15:15:14.004,smart_meter,send_encrypted_data,657435,0.702,7492.137,true,none,424
2025-12-12 15:15:14.004,smart_meter,send_encrypted_data,658021,0.741,7104.140,true,none,239
2025-12-12 15:15:14.005,smart_meter,send_encrypted_data,658145,0.680,7742.882,true,none,22
2025-12-12 15:15:14.005,smart_meter,send_encrypted_data,657311,0.678,7755.882,true,none,180
2025-12-12 15:15:14.006,smart_meter,send_encrypted_data,658042,5.155,1021.210,true,none,383
2025-12-12 15:15:14.006,smart_meter,send_encrypted_data,657362,0.704,7470.023,true,none,57
2025-12-12 15:15:14.006,smart_meter,send_encrypted_data,657838,0.704,7475.432,true,none,340
2025-12-12 15:15:14.007,smart_meter,send_encrypted_data,658025,9.475,555.588,true,none,382
2025-12-12 15:15:14.007,smart_meter,send_encrypted_data,657828,0.672,7831.286,true,none,263
2025-12-12 15:15:14.007,smart_meter,send_encrypted_data,658194,0.686,7675.732,true,none,71
2025-12-12 15:15:14.008,smart_meter,send_encrypted_data,657401,0.652,8066.270,true,none,207
2025-12-12 15:15:14.009,smart_meter,send_encrypted_data,658126,0.710,7415.504,true,none,279
2025-12-12 15:15:14.009,smart_meter,send_encrypted_data,658241,0.708,7437.751,true,none,13
2025-12-12 15:15:14.010,smart_meter,send_encrypted_data,657391,34.063,154.394,true,none,149
2025-12-12 15:15:14.010,smart_meter,send_encrypted_data,657313,14.766,356.122,true,none,464
2025-12-12 15:15:14.011,smart_meter,send_encrypted_data,657626,19.903,264.332,true,none,470
2025-12-12 15:15:14.011,smart_meter,send_encrypted_data,657384,0.668,7872.862,true,none,155
2025-12-12 15:15:13.928,smart_meter,send_encrypted_data,657930,1.067,4932.933,true,none,178
2025-12-12 15:15:13.928,smart_meter,send_encrypted_data,658101,11.349,463.901,true,none,112
2025-12-12 15:15:13.929,smart_meter,send_encrypted_data,657991,0.931,5654.058,true,none,278
2025-12-12 15:15:13.930,smart_meter,send_encrypted_data,657316,1.008,5216.794,true,none,242
2025-12-12 15:15:13.931,smart_meter,send_encrypted_data,658004,1.438,3660.662,true,none,184
2025-12-12 15:15:13.931,smart_meter,send_encrypted_data,657350,1.033,5090.803,true,none,314
2025-12-12 15:15:13.992,smart_meter,send_encrypted_data,657806,0.628,8379.694,true,none,119
2025-12-12 15:15:13.932,smart_meter,send_encrypted_data,658047,0.676,7787.538,true,none,24
2025-12-12 15:15:13.933,smart_meter,send_encrypted_data,657345,18.585,282.957,true,none,246
2025-12-12 15:15:13.933,smart_meter,send_encrypted_data,657710,3.662,1436.832,true,none,167
2025-12-12 15:15:13.933,smart_meter,send_encrypted_data,657966,0.807,6522.587,true,none,285
2025-12-12 15:15:13.933,smart_meter,send_encrypted_data,657142,1.016,5174.346,true,none,10
2025-12-12 15:15:13.934,smart_meter,send_encrypted_data,658177,13.756,382.772,true,none,126
2025-12-12 15:15:13.934,smart_meter,send_encrypted_data,657393,24.856,211.584,true,none,104
2025-12-12 15:15:13.935,smart_meter,send_encrypted_data,658017,0.994,5295.911,true,none,204
2025-12-12 15:15:13.935,smart_meter,send_encrypted_data,658028,1.253,4201.296,true,none,262
2025-12-12 15:15:13.935,smart_meter,send_encrypted_data,657393,14.751,356.528,true,none,436
2025-12-12 15:15:13.936,smart_meter,send_encrypted_data,658247,14.247,369.620,true,none,185
2025-12-12 15:15:13.936,smart_meter,send_encrypted_data,657480,13.359,393.730,true,none,301
2025-12-12 15:15:13.936,smart_meter,send_encrypted_data,657938,0.686,7672.746,true,none,7
2025-12-12 15:15:13.937,smart_meter,send_encrypted_data,658294,35.771,147.224,true,none,29
2025-12-12 15:15:13.937,smart_meter,send_encrypted_data,658183,0.638,8253.078,true,none,44
2025-12-12 15:15:13.938,smart_meter,send_encrypted_data,658199,65.877,79.931,true,none,139
2025-12-12 15:15:13.938,smart_meter,send_encrypted_data,657294,0.631,8333.363,true,none,38
2025-12-12 15:15:13.939,smart_meter,send_encrypted_data,658328,0.644,8177.988,true,none,86
2025-12-12 15:15:13.939,smart_meter,send_encrypted_data,657963,0.612,8600.824,true,none,247
2025-12-12 15:15:13.940,smart_meter,send_encrypted_data,657336,0.659,7979.800,true,none,253
2025-12-12 15:15:13.941,smart_meter,send_encrypted_data,657950,0.671,7844.411,true,none,85
2025-12-12 15:15:13.942,smart_meter,send_encrypted_data,657405,0.663,7932.489,true,none,20
2025-12-12 15:15:13.943,smart_meter,send_encrypted_data,657264,0.656,8015.415,true,none,136
2025-12-12 15:15:13.943,smart_meter,send_encrypted_data,658223,0.679,7755.205,true,none,384
2025-12-12 15:15:13.944,smart_meter,send_encrypted_data,658320,0.687,7666.026,true,none,188
2025-12-12 15:15:13.944,smart_meter,send_encrypted_data,658129,0.656,8025.963,true,none,240
2025-12-12 15:15:13.945,smart_meter,send_encrypted_data,657268,0.674,7801.401,true,none,174
2025-12-12 15:15:13.946,smart_meter,send_encrypted_data,657723,17.699,297.293,true,none,252
2025-12-12 15:15:13.946,smart_meter,send_encrypted_data,658134,0.709,7426.054,true,none,3
2025-12-12 15:15:13.946,smart_meter,send_encrypted_data,657304,0.704,7469.364,true,none,26
2025-12-12 15:15:13.947,smart_meter,send_encrypted_data,657375,2.135,2463.232,true,none,2
2025-12-12 15:15:13.947,smart_meter,send_encrypted_data,657865,0.687,7660.728,true,none,202
2025-12-12 15:15:13.948,smart_meter,send_encrypted_data,657314,0.696,7555.333,true,none,144
2025-12-12 15:15:13.948,smart_meter,send_encrypted_data,657154,0.640,8214.425,true,none,441
2025-12-12 15:15:13.949,smart_meter,send_encrypted_data,658214,28.870,182.394,true,none,41
2025-12-12 15:15:13.950,smart_meter,send_encrypted_data,658120,0.668,7881.677,true,none,212
2025-12-12 15:15:13.950,smart_meter,send_encrypted_data,657260,5.734,917.000,true,none,394
2025-12-12 15:15:13.951,smart_meter,send_encrypted_data,658153,0.703,7489.650,true,none,122
2025-12-12 15:15:13.951,smart_meter,send_encrypted_data,657315,0.777,6767.722,true,none,389
2025-12-12 15:15:13.951,smart_meter,send_encrypted_data,658219,0.808,6517.020,true,none,200
2025-12-12 15:15:13.952,smart_meter,send_encrypted_data,657004,0.663,7927.650,true,none,306
2025-12-12 15:15:13.952,smart_meter,send_encrypted_data,657421,0.641,8204.942,true,none,30
2025-12-12 15:15:13.952,smart_meter,send_encrypted_data,657404,0.641,8204.730,true,none,34
2025-12-12 15:15:13.953,smart_meter,send_encrypted_data,657832,27.832,189.087,true,none,235
2025-12-12 15:15:13.953,smart_meter,send_encrypted_data,658190,0.615,8561.821,true,none,286
2025-12-12 15:15:13.955,smart_meter,send_encrypted_data,657276,0.670,7848.072,true,none,47
2025-12-12 15:15:13.955,smart_meter,send_encrypted_data,657931,47.914,109.852,true,none,236
2025-12-12 15:15:13.956,smart_meter,send_encrypted_data,657381,44.457,118.295,true,none,131
2025-12-12 15:15:13.956,smart_meter,send_encrypted_data,658181,0.637,8266.009,true,none,158
2025-12-12 15:15:13.956,smart_meter,send_encrypted_data,657484,0.622,8456.386,true,none,222
2025-12-12 15:15:13.956,smart_meter,send_encrypted_data,657994,0.673,7821.623,true,none,244
2025-12-12 15:15:13.957,smart_meter,send_encrypted_data,657842,3.365,1563.963,true,none,145
2025-12-12 15:15:13.957,smart_meter,send_encrypted_data,658223,0.644,8176.683,true,none,62
2025-12-12 15:15:13.958,smart_meter,send_encrypted_data,658208,0.636,8279.346,true,none,392
2025-12-12 15:15:13.959,smart_meter,send_encrypted_data,658329,1.521,3462.611,true,none,96
2025-12-12 15:15:13.959,smart_meter,send_encrypted_data,656024,0.676,7763.598,true,none,368
2025-12-12 15:15:13.960,smart_meter,send_encrypted_data,657700,0.667,7888.456,true,none,60
2025-12-12 15:15:13.960,smart_meter,send_encrypted_data,657771,12.402,424.300,true,none,170
2025-12-12 15:15:13.960,smart_meter,send_encrypted_data,657777,0.626,8406.096,true,none,101
2025-12-12 15:15:13.960,smart_meter,send_encrypted_data,658228,18.903,278.571,true,none,176
2025-12-12 15:15:13.961,smart_meter,send_encrypted_data,657430,0.660,7968.848,true,none,110
2025-12-12 15:15:13.962,smart_meter,send_encrypted_data,657357,0.777,6768.154,true,none,302
2025-12-12 15:15:13.962,smart_meter,send_encrypted_data,658143,0.769,6846.741,true,none,305
2025-12-12 15:15:13.963,smart_meter,send_encrypted_data,656159,0.697,7531.237,true,none,308
2025-12-12 15:15:13.963,smart_meter,send_encrypted_data,657924,0.722,7290.017,true,none,209
2025-12-12 15:15:13.963,smart_meter,send_encrypted_data,657800,0.759,6933.333,true,none,32
2025-12-12 15:15:13.963,smart_meter,send_encrypted_data,658165,0.762,6909.869,true,none,233
2025-12-12 15:15:13.964,smart_meter,send_encrypted_data,658132,0.631,8343.987,true,none,201
2025-12-12 15:15:13.964,smart_meter,send_encrypted_data,657345,0.645,8153.116,true,none,243
2025-12-12 15:15:13.965,smart_meter,send_encrypted_data,657944,0.620,8489.600,true,none,431
2025-12-12 15:15:13.965,smart_meter,send_encrypted_data,658079,25.000,210.585,true,none,324
2025-12-12 15:15:13.966,smart_meter,send_encrypted_data,657930,0.613,8586.362,true,none,265
2025-12-12 15:15:14.216,smart_meter,send_encrypted_data,658376,0.671,7849.490,true,none,409
2025-12-12 15:15:14.216,smart_meter,send_encrypted_data,657443,1.214,4332.409,true,none,491
2025-12-12 15:15:14.217,smart_meter,send_encrypted_data,657606,0.673,7817.010,true,none,248
2025-12-12 15:15:14.218,smart_meter,send_encrypted_data,658215,0.663,7942.262,true,none,51
2025-12-12 15:15:14.219,smart_meter,send_encrypted_data,658255,1.211,4348.505,true,none,489
2025-12-12 15:15:14.219,smart_meter,send_encrypted_data,656752,0.657,7996.980,true,none,332
2025-12-12 15:15:14.219,smart_meter,send_encrypted_data,657256,1.221,4306.346,true,none,472
2025-12-12 15:15:14.220,smart_meter,send_encrypted_data,657904,0.653,8060.080,true,none,399
2025-12-12 15:15:14.220,smart_meter,send_encrypted_data,657353,0.687,7654.766,true,none,254
2025-12-12 15:15:14.221,smart_meter,send_encrypted_data,657417,0.676,7780.083,true,none,370
2025-12-12 15:15:14.221,smart_meter,send_encrypted_data,658295,0.721,7304.244,true,none,166
2025-12-12 15:15:14.222,smart_meter,send_encrypted_data,657529,0.929,5662.252,true,none,405
2025-12-12 15:15:14.222,smart_meter,send_encrypted_data,658302,0.672,7836.929,true,none,375
2025-12-12 15:15:14.222,smart_meter,send_encrypted_data,657362,0.702,7491.305,true,none,426
2025-12-12 15:15:13.910,smart_meter,send_encrypted_data,657300,0.885,5941.695,true,none,78
2025-12-12 15:15:14.223,smart_meter,send_encrypted_data,658196,0.716,7354.145,true,none,446
2025-12-12 15:15:14.223,smart_meter,send_encrypted_data,658203,0.794,6631.768,true,none,420
2025-12-12 15:15:14.224,smart_meter,send_encrypted_data,658162,1.190,4424.618,true,none,465
2025-12-12 15:15:14.225,smart_meter,send_encrypted_data,657562,0.749,7023.359,true,none,410
2025-12-12 15:15:14.225,smart_meter,send_encrypted_data,657381,1.309,4017.607,true,none,468
2025-12-12 15:15:14.225,smart_meter,send_encrypted_data,657396,0.783,6716.690,true,none,231
2025-12-12 15:15:14.225,smart_meter,send_encrypted_data,657413,0.783,6716.863,true,none,316
2025-12-12 15:15:14.226,smart_meter,send_encrypted_data,658195,0.706,7458.300,true,none,361
2025-12-12 15:15:14.226,smart_meter,send_encrypted_data,657628,0.619,8499.231,true,none,271
2025-12-12 15:15:14.226,smart_meter,send_encrypted_data,657336,0.660,7967.709,true,none,342
2025-12-12 15:15:14.226,smart_meter,send_encrypted_data,657359,0.667,7884.366,true,none,113
2025-12-12 15:15:14.227,smart_meter,send_encrypted_data,658246,0.661,7966.669,true,none,373
2025-12-12 15:15:14.227,smart_meter,send_encrypted_data,657850,0.679,7750.810,true,none,227
2025-12-12 15:15:14.227,smart_meter,send_encrypted_data,658408,0.662,7956.592,true,none,182
2025-12-12 15:15:14.228,smart_meter,send_encrypted_data,658049,0.667,7892.642,true,none,210
2025-12-12 15:15:14.228,smart_meter,send_encrypted_data,658245,0.659,7990.835,true,none,386
2025-12-12 15:15:14.229,smart_meter,send_encrypted_data,658046,0.719,7321.791,true,none,455
2025-12-12 15:15:14.229,smart_meter,send_encrypted_data,657333,0.757,6946.716,true,none,395
2025-12-12 15:15:14.229,smart_meter,send_encrypted_data,657500,0.678,7758.112,true,none,297
2025-12-12 15:15:14.230,smart_meter,send_encrypted_data,658311,0.716,7355.430,true,none,421
2025-12-12 15:15:14.230,smart_meter,send_encrypted_data,658044,0.769,6845.711,true,none,296
2025-12-12 15:15:14.230,smart_meter,send_encrypted_data,657393,0.783,6716.659,true,none,162
2025-12-12 15:15:14.231,smart_meter,send_encrypted_data,658107,5.741,917.063,true,none,353
2025-12-12 15:15:14.231,smart_meter,send_encrypted_data,657449,0.687,7655.884,true,none,309
2025-12-12 15:15:14.231,smart_meter,send_encrypted_data,658122,7.747,679.615,true,none,298
2025-12-12 15:15:14.231,smart_meter,send_encrypted_data,657776,0.685,7682.055,true,none,355
2025-12-12 15:15:14.232,smart_meter,send_encrypted_data,657514,0.670,7850.913,true,none,425
2025-12-12 15:15:14.013,smart_meter,send_encrypted_data,658242,98.024,53.721,true,none,163
2025-12-12 15:15:14.232,smart_meter,send_encrypted_data,657804,4.251,1237.928,true,none,469
2025-12-12 15:15:14.233,smart_meter,send_encrypted_data,657256,0.722,7282.615,true,none,238
2025-12-12 15:15:14.233,smart_meter,send_encrypted_data,658157,0.703,7489.696,true,none,322
2025-12-12 15:15:14.233,smart_meter,send_encrypted_data,657291,0.667,7883.550,true,none,259
2025-12-12 15:15:14.234,smart_meter,send_encrypted_data,658175,0.701,7511.270,true,none,229
2025-12-12 15:15:14.234,smart_meter,send_encrypted_data,658173,0.671,7847.070,true,none,69
2025-12-12 15:15:14.012,smart_meter,send_encrypted_data,658011,0.677,7775.610,true,none,237
2025-12-12 15:15:14.234,smart_meter,send_encrypted_data,658043,13.164,399.905,true,none,479
2025-12-12 15:15:14.234,smart_meter,send_encrypted_data,658241,15.323,343.662,true,none,482
2025-12-12 15:15:14.235,smart_meter,send_encrypted_data,656515,0.661,7945.719,true,none,276
2025-12-12 15:15:14.235,smart_meter,send_encrypted_data,657508,0.661,7957.737,true,none,197
2025-12-12 15:15:14.235,smart_meter,send_encrypted_data,657368,0.717,7334.650,true,none,411
2025-12-12 15:15:14.235,smart_meter,send_encrypted_data,656131,0.637,8240.264,true,none,153
2025-12-12 15:15:14.236,smart_meter,send_encrypted_data,657303,0.721,7293.237,true,none,294
2025-12-12 15:15:14.236,smart_meter,send_encrypted_data,658265,0.673,7824.844,true,none,451
2025-12-12 15:15:14.237,smart_meter,send_encrypted_data,658274,0.648,8126.840,true,none,408
2025-12-12 15:15:14.237,smart_meter,send_encrypted_data,657865,3.754,1401.950,true,none,473
2025-12-12 15:15:14.237,smart_meter,send_encrypted_data,657295,0.648,8114.753,true,none,354
2025-12-12 15:15:14.237,smart_meter,send_encrypted_data,658181,2.652,1985.463,true,none,480
2025-12-12 15:15:14.238,smart_meter,send_encrypted_data,657420,0.661,7956.672,true,none,216
2025-12-12 15:15:14.238,smart_meter,send_encrypted_data,657429,1.170,4495.241,true,none,471
2025-12-12 15:15:14.238,smart_meter,send_encrypted_data,657317,0.698,7533.719,true,none,427
2025-12-12 15:15:14.239,smart_meter,send_encrypted_data,658118,0.697,7553.722,true,none,274
2025-12-12 15:15:14.239,smart_meter,send_encrypted_data,658099,0.658,8001.204,true,none,282
2025-12-12 15:15:14.239,smart_meter,send_encrypted_data,658120,0.625,8423.936,true,none,404
2025-12-12 15:15:14.240,smart_meter,send_encrypted_data,658098,4.718,1115.893,true,none,360
2025-12-12 15:15:14.240,smart_meter,send_encrypted_data,657204,0.645,8151.367,true,none,292
2025-12-12 15:15:14.241,smart_meter,send_encrypted_data,658273,13.361,394.146,true,none,459
2025-12-12 15:15:14.241,smart_meter,send_encrypted_data,658013,9.032,582.828,true,none,46
2025-12-12 15:15:14.234,smart_meter,send_encrypted_data,657392,0.683,7700.053,true,none,351
2025-12-12 15:15:14.243,smart_meter,send_encrypted_data,657439,0.634,8295.760,true,none,53
2025-12-12 15:15:14.243,smart_meter,send_encrypted_data,657323,17.063,308.186,true,none,255
2025-12-12 15:15:14.244,smart_meter,send_encrypted_data,658048,12.034,437.459,true,none,9
2025-12-12 15:15:14.244,smart_meter,send_encrypted_data,657362,13.584,387.139,true,none,152
2025-12-12 15:15:14.244,smart_meter,send_encrypted_data,658103,0.642,8200.660,true,none,270
2025-12-12 15:15:14.245,smart_meter,send_encrypted_data,657948,0.685,7684.064,true,none,363
2025-12-12 15:15:14.245,smart_meter,send_encrypted_data,657396,18.558,283.391,true,none,195
2025-12-12 15:15:14.246,smart_meter,send_encrypted_data,657059,0.621,8464.528,true,none,376
2025-12-12 15:15:14.246,smart_meter,send_encrypted_data,658278,3.091,1703.728,true,none,264
2025-12-12 15:15:14.246,smart_meter,send_encrypted_data,658233,0.643,8189.524,true,none,312
2025-12-12 15:15:14.247,smart_meter,send_encrypted_data,658153,0.651,8087.902,true,none,440
2025-12-12 15:15:14.247,smart_meter,send_encrypted_data,657742,7.154,735.524,true,none,380
2025-12-12 15:15:14.248,smart_meter,send_encrypted_data,657665,0.660,7971.697,true,none,245
2025-12-12 15:15:14.248,smart_meter,send_encrypted_data,658100,0.726,7251.791,true,none,293
2025-12-12 15:15:14.248,smart_meter,send_encrypted_data,657440,0.621,8469.436,true,none,321
2025-12-12 15:15:14.248,smart_meter,send_encrypted_data,656192,3.126,1679.314,true,none,343
2025-12-12 15:15:14.249,smart_meter,send_encrypted_data,657384,9.164,573.884,true,none,275
2025-12-12 15:15:14.249,smart_meter,send_encrypted_data,658084,29.354,179.351,true,none,289
2025-12-12 15:15:14.249,smart_meter,send_encrypted_data,656065,6.085,862.534,true,none,437
2025-12-12 15:15:14.249,smart_meter,send_encrypted_data,658240,0.641,8215.164,true,none,219
2025-12-12 15:15:14.249,smart_meter,send_encrypted_data,658168,19.176,274.580,true,none,70
2025-12-12 15:15:14.249,smart_meter,send_encrypted_data,658348,0.644,8178.236,true,none,338
2025-12-12 15:15:14.250,smart_meter,send_encrypted_data,657382,0.737,7135.761,true,none,261
2025-12-12 15:15:14.250,smart_meter,send_encrypted_data,657028,0.633,8303.671,true,none,352
2025-12-12 15:15:14.251,smart_meter,send_encrypted_data,657542,0.826,6368.446,true,none,388
2025-12-12 15:15:14.251,smart_meter,send_encrypted_data,658015,0.698,7541.719,true,none,359
2025-12-12 15:15:14.251,smart_meter,send_encrypted_data,657570,0.684,7690.877,true,none,416
2025-12-12 15:15:14.251,smart_meter,send_encrypted_data,658111,25.777,204.248,true,none,117
2025-12-12 15:15:14.253,smart_meter,send_encrypted_data,658166,12.760,412.643,true,none,450
2025-12-12 15:15:14.253,smart_meter,send_encrypted_data,657394,0.670,7849.481,true,none,374
2025-12-12 15:15:14.253,smart_meter,send_encrypted_data,657362,0.654,8041.125,true,none,79
2025-12-12 15:15:14.254,smart_meter,send_encrypted_data,657806,0.710,7411.899,true,none,347
2025-12-12 15:15:14.255,smart_meter,send_encrypted_data,658063,0.714,7373.255,true,none,88
2025-12-12 15:15:14.255,smart_meter,send_encrypted_data,656022,12.918,406.268,true,none,213
2025-12-12 15:15:14.255,smart_meter,send_encrypted_data,657433,0.650,8091.483,true,none,417
2025-12-12 15:15:14.246,smart_meter,send_encrypted_data,657104,7.113,739.046,true,none,251
2025-12-12 15:15:14.257,smart_meter,send_encrypted_data,658244,12.163,432.948,true,none,379
2025-12-12 15:15:14.250,smart_meter,send_encrypted_data,658304,8.966,587.378,true,none,385
2025-12-12 15:15:14.013,smart_meter,send_encrypted_data,658136,2.293,2296.157,true,none,66
2025-12-12 15:15:14.257,smart_meter,send_encrypted_data,657605,15.027,350.093,true,none,452
2025-12-12 15:15:14.244,smart_meter,send_encrypted_data,657409,3.872,1358.283,true,none,358
2025-12-12 15:15:14.257,smart_meter,send_encrypted_data,657353,1.187,4430.349,true,none,372
2025-12-12 15:15:14.257,smart_meter,send_encrypted_data,658213,0.748,7039.711,true,none,456
2025-12-12 15:15:14.258,smart_meter,send_encrypted_data,657986,6.874,765.768,true,none,345
2025-12-12 15:15:14.259,smart_meter,send_encrypted_data,658190,0.878,5997.175,true,none,280
2025-12-12 15:15:14.259,smart_meter,send_encrypted_data,657464,2.834,1855.932,true,none,356
2025-12-12 15:15:14.260,smart_meter,send_encrypted_data,658066,0.842,6252.409,true,none,357
2025-12-12 15:15:14.260,smart_meter,send_encrypted_data,657466,12.858,409.063,true,none,367
2025-12-12 15:15:14.261,smart_meter,send_encrypted_data,658249,0.758,6947.219,true,none,447
2025-12-12 15:15:14.261,smart_meter,send_encrypted_data,655897,0.724,7247.481,true,none,120
2025-12-12 15:15:14.262,smart_meter,send_encrypted_data,658072,0.684,7696.749,true,none,87
2025-12-12 15:15:14.262,smart_meter,send_encrypted_data,657454,1.401,3754.198,true,none,477
2025-12-12 15:15:14.262,smart_meter,send_encrypted_data,657949,0.694,7584.427,true,none,272
2025-12-12 15:15:14.263,smart_meter,send_encrypted_data,657801,0.670,7854.340,true,none,49
2025-12-12 15:15:14.262,smart_meter,send_encrypted_data,657580,0.720,7306.444,true,none,350
2025-12-12 15:15:14.264,smart_meter,send_encrypted_data,658053,9.457,556.670,true,none,457
2025-12-12 15:15:14.265,smart_meter,send_encrypted_data,658245,0.675,7801.422,true,none,273
2025-12-12 15:15:14.266,smart_meter,send_encrypted_data,657397,0.671,7837.818,true,none,429
2025-12-12 15:15:14.266,smart_meter,send_encrypted_data,658176,0.738,7134.699,true,none,287
2025-12-12 15:15:14.266,smart_meter,send_encrypted_data,658126,6.794,774.950,true,none,466
2025-12-12 15:15:14.266,smart_meter,send_encrypted_data,658254,3.724,1414.079,true,none,381
2025-12-12 15:15:14.267,smart_meter,send_encrypted_data,657690,0.654,8045.138,true,none,133
2025-12-12 15:15:14.267,smart_meter,send_encrypted_data,657387,14.068,373.834,true,none,448
2025-12-12 15:15:14.268,smart_meter,send_encrypted_data,658211,13.967,377.009,true,none,299
2025-12-12 15:15:14.269,smart_meter,send_encrypted_data,658190,2.970,1772.902,true,none,474
2025-12-12 15:15:14.269,smart_meter,send_encrypted_data,658175,8.833,596.106,true,none,487
2025-12-12 15:15:14.269,smart_meter,send_encrypted_data,657829,2.518,2090.005,true,none,73
2025-12-12 15:15:14.263,smart_meter,send_encrypted_data,657342,38.542,136.442,true,none,129
2025-12-12 15:15:14.270,smart_meter,send_encrypted_data,658307,38.286,137.556,true,none,228
2025-12-12 15:15:14.271,smart_meter,send_encrypted_data,657508,1.248,4214.795,true,none,291
2025-12-12 15:15:14.272,smart_meter,send_encrypted_data,657407,56.255,93.490,true,none,315
2025-12-12 15:15:14.272,smart_meter,send_encrypted_data,655951,6.095,860.969,true,none,377
2025-12-12 15:15:14.273,smart_meter,send_encrypted_data,657277,6.059,867.836,true,none,40
2025-12-12 15:15:14.273,smart_meter,send_encrypted_data,658087,5.110,1030.273,true,none,349
2025-12-12 15:15:14.274,smart_meter,send_encrypted_data,657371,1.322,3978.039,true,none,333
2025-12-12 15:15:14.274,smart_meter,send_encrypted_data,657584,0.622,8457.672,true,none,211
2025-12-12 15:15:14.275,smart_meter,send_encrypted_data,657567,0.615,8553.717,true,none,378
2025-12-12 15:15:14.276,smart_meter,send_encrypted_data,657403,50.796,103.536,true,none,107
2025-12-12 15:15:14.276,smart_meter,send_encrypted_data,657640,0.656,8020.000,true,none,106
2025-12-12 15:15:14.239,smart_meter,send_encrypted_data,657370,9.249,568.598,true,none,320
2025-12-12 15:15:14.276,smart_meter,send_encrypted_data,658326,6.341,830.564,true,none,419
2025-12-12 15:15:14.277,smart_meter,send_encrypted_data,657341,54.258,96.921,true,none,341
2025-12-12 15:15:14.279,smart_meter,send_encrypted_data,657783,10.362,507.843,true,none,454
2025-12-12 15:15:14.279,smart_meter,send_encrypted_data,658269,0.649,8114.256,true,none,317
2025-12-12 15:15:14.280,smart_meter,send_encrypted_data,658265,13.119,401.412,true,none,250
2025-12-12 15:15:14.281,smart_meter,send_encrypted_data,657280,61.527,85.462,true,none,168
2025-12-12 15:15:14.281,smart_meter,send_encrypted_data,657801,0.739,7120.985,true,none,300
2025-12-12 15:15:14.282,smart_meter,send_encrypted_data,657987,0.727,7240.572,true,none,364
2025-12-12 15:15:14.282,smart_meter,send_encrypted_data,658000,43.822,120.122,true,none,175
2025-12-12 15:15:14.282,smart_meter,send_encrypted_data,657325,14.685,358.093,true,none,224
2025-12-12 15:15:14.283,smart_meter,send_encrypted_data,657949,10.842,485.482,true,none,335
2025-12-12 15:15:14.283,smart_meter,send_encrypted_data,658188,64.805,81.252,true,none,80
2025-12-12 15:15:14.283,smart_meter,send_encrypted_data,657658,0.655,8032.464,true,none,434
2025-12-12 15:15:14.284,smart_meter,send_encrypted_data,658313,3.715,1417.632,true,none,398
2025-12-12 15:15:14.284,smart_meter,send_encrypted_data,657607,64.957,80.990,true,none,362
2025-12-12 15:15:14.284,smart_meter,send_encrypted_data,657084,0.638,8239.298,true,none,319
2025-12-12 15:15:14.284,smart_meter,send_encrypted_data,657521,63.667,82.620,true,none,402
2025-12-12 15:15:14.284,smart_meter,send_encrypted_data,658202,10.162,518.167,true,none,220
2025-12-12 15:15:14.284,smart_meter,send_encrypted_data,657468,13.187,398.858,true,none,323
2025-12-12 15:15:14.285,smart_meter,send_encrypted_data,657588,13.157,399.841,true,none,89
2025-12-12 15:15:14.285,smart_meter,send_encrypted_data,658246,0.725,7263.404,true,none,348
2025-12-12 15:15:14.285,smart_meter,send_encrypted_data,656922,17.116,307.045,true,none,453
2025-12-12 15:15:14.022,smart_meter,send_encrypted_data,657723,67.875,77.522,true,none,42
2025-12-12 15:15:14.286,smart_meter,send_encrypted_data,657709,44.277,118.835,true,none,109
2025-12-12 15:15:14.286,smart_meter,send_encrypted_data,657392,55.230,95.222,true,none,330
2025-12-12 15:15:14.286,smart_meter,send_encrypted_data,657823,38.709,135.952,true,none,328
2025-12-12 15:15:14.287,smart_meter,send_encrypted_data,658138,10.544,499.346,true,none,412
2025-12-12 15:15:14.287,smart_meter,send_encrypted_data,658102,0.651,8087.275,true,none,43
2025-12-12 15:15:14.287,smart_meter,send_encrypted_data,657618,58.607,89.766,true,none,205
2025-12-12 15:15:14.287,smart_meter,send_encrypted_data,657926,7.138,737.379,true,none,413
2025-12-12 15:15:14.287,smart_meter,send_encrypted_data,657358,16.888,311.396,true,none,290
2025-12-12 15:15:14.287,smart_meter,send_encrypted_data,657992,46.733,112.639,true,none,1
2025-12-12 15:15:14.287,smart_meter,send_encrypted_data,657316,22.502,233.692,true,none,325
2025-12-12 15:15:14.288,smart_meter,send_encrypted_data,657394,6.801,773.291,true,none,461
2025-12-12 15:15:14.289,smart_meter,send_encrypted_data,657786,59.452,88.513,true,none,183
2025-12-12 15:15:14.289,smart_meter,send_encrypted_data,657212,18.090,290.641,true,none,435
2025-12-12 15:15:14.291,smart_meter,send_encrypted_data,657866,28.420,185.184,true,none,476
2025-12-12 15:15:14.291,smart_meter,send_encrypted_data,658069,35.466,148.439,true,none,95
2025-12-12 15:15:14.291,smart_meter,send_encrypted_data,658156,30.429,173.034,true,none,371
2025-12-12 15:15:14.252,smart_meter,send_encrypted_data,658095,0.677,7776.603,true,none,432
2025-12-12 15:15:14.292,smart_meter,send_encrypted_data,658117,22.264,236.478,true,none,331
2025-12-12 15:15:14.264,smart_meter,send_encrypted_data,658210,0.693,7598.384,true,none,418
2025-12-12 15:15:14.292,smart_meter,send_encrypted_data,657925,30.813,170.818,true,none,143
2025-12-12 15:15:14.293,smart_meter,send_encrypted_data,657550,16.259,323.538,true,none,369
2025-12-12 15:15:14.293,smart_meter,send_encrypted_data,658181,0.751,7011.249,true,none,422
2025-12-12 15:15:14.295,smart_meter,send_encrypted_data,658260,0.626,8412.268,true,none,288
2025-12-12 15:15:14.295,smart_meter,send_encrypted_data,658007,36.691,143.470,true,none,327
2025-12-12 15:15:14.296,smart_meter,send_encrypted_data,657333,0.637,8255.359,true,none,90
2025-12-12 15:15:14.296,smart_meter,send_encrypted_data,658136,55.080,95.590,true,none,199
2025-12-12 15:15:14.296,smart_meter,send_encrypted_data,658182,19.326,272.455,true,none,393
2025-12-12 15:15:14.297,smart_meter,send_encrypted_data,657285,12.190,431.360,true,none,295
2025-12-12 15:15:14.298,smart_meter,send_encrypted_data,658024,11.048,476.484,true,none,198
2025-12-12 15:15:14.020,smart_meter,send_encrypted_data,658141,58.749,89.621,true,none,433
2025-12-12 15:15:14.298,smart_meter,send_encrypted_data,658122,55.850,94.270,true,none,151
2025-12-12 15:15:14.272,smart_meter,send_encrypted_data,658337,0.696,7567.092,true,none,140
2025-12-12 15:15:14.240,smart_meter,send_encrypted_data,658261,0.640,8228.263,true,none,400
2025-12-12 15:15:14.299,smart_meter,send_encrypted_data,658144,0.655,8038.400,true,none,196
2025-12-12 15:15:14.300,smart_meter,send_encrypted_data,657310,29.472,178.423,true,none,313
2025-12-12 15:15:14.300,smart_meter,send_encrypted_data,658129,59.399,88.638,true,none,443
2025-12-12 15:15:14.301,smart_meter,send_encrypted_data,657702,0.706,7452.714,true,none,339
2025-12-12 15:15:14.273,smart_meter,send_encrypted_data,657871,1.085,4850.662,true,none,414
2025-12-12 15:15:14.303,smart_meter,send_encrypted_data,657693,1.263,4165.910,true,none,485
2025-12-12 15:15:14.303,smart_meter,send_encrypted_data,658070,9.251,569.080,true,none,365
2025-12-12 15:15:14.303,smart_meter,send_encrypted_data,657776,27.946,188.299,true,none,128
2025-12-12 15:15:14.304,smart_meter,send_encrypted_data,657356,1.478,3558.084,true,none,105
2025-12-12 15:15:14.019,smart_meter,send_encrypted_data,658008,21.267,247.523,true,none,397
2025-12-12 15:15:14.301,smart_meter,send_encrypted_data,657492,23.355,225.217,true,none,391
2025-12-12 15:15:14.305,smart_meter,send_encrypted_data,658221,88.489,59.508,true,none,430
2025-12-12 15:15:14.305,smart_meter,send_encrypted_data,658074,8.438,623.915,true,none,449
2025-12-12 15:15:14.017,smart_meter,send_encrypted_data,657948,43.900,119.899,true,none,215
2025-12-12 15:15:14.218,smart_meter,send_encrypted_data,658155,0.679,7754.404,true,none,82
2025-12-12 15:15:14.018,smart_meter,send_encrypted_data,658145,15.986,329.361,true,none,281
2025-12-12 15:15:14.307,smart_meter,send_encrypted_data,657306,71.437,73.610,true,none,484
2025-12-12 15:15:14.308,smart_meter,send_encrypted_data,657387,16.160,325.439,true,none,346
2025-12-12 15:15:14.309,smart_meter,send_encrypted_data,657283,5.102,1030.628,true,none,462
2025-12-12 15:15:14.311,smart_meter,send_encrypted_data,658088,32.218,163.409,true,none,458
2025-12-12 15:15:14.310,smart_meter,send_encrypted_data,657332,3.721,1413.237,true,none,463
2025-12-12 15:15:14.311,smart_meter,send_encrypted_data,658051,1.904,2764.920,true,none,475
2025-12-12 15:15:14.312,smart_meter,send_encrypted_data,657439,3.333,1578.011,true,none,483
2025-12-12 15:15:14.312,smart_meter,send_encrypted_data,657506,5.715,920.393,true,none,481
2025-12-12 15:15:14.314,smart_meter,send_encrypted_data,657430,3.516,1495.859,true,none,467
2025-12-12 15:15:14.314,smart_meter,send_encrypted_data,658131,1.316,4000.796,true,none,488
2025-12-12 15:15:14.316,smart_meter,send_encrypted_data,657756,4.238,1241.635,true,none,490
2025-12-12 15:15:14.322,smart_meter,send_encrypted_data,657409,0.704,7470.557,true,none,445
2025-12-12 15:15:14.324,smart_meter,send_encrypted_data,658202,0.638,8253.317,true,none,444
2025-12-12 15:15:14.327,smart_meter,send_encrypted_data,658270,0.654,8052.232,true,none,318
2025-12-12 15:15:14.330,smart_meter,send_encrypted_data,658028,0.706,7456.408,true,none,428
2025-12-12 15:15:14.335,smart_meter,send_encrypted_data,658030,0.694,7585.360,true,none,334
2025-12-12 15:15:14.335,smart_meter,send_encrypted_data,657740,0.665,7912.662,true,none,366
2025-12-12 15:15:14.344,smart_meter,send_encrypted_data,657781,9.169,573.917,true,none,478
2025-12-12 15:15:14.381,smart_meter,send_encrypted_data,657894,2.020,2605.521,true,none,284
2025-12-12 15:15:14.387,smart_meter,send_encrypted_data,658159,1.205,4369.520,true,none,460
2025-12-12 15:15:14.716,smart_meter,send_encrypted_data,658275,1.181,4459.102,true,none,492
2025-12-12 15:15:16.094,smart_meter,send_encrypted_data,657864,1.162,4529.184,true,none,493
2025-12-12 15:15:17.294,smart_meter,send_encrypted_data,658187,1.317,3998.099,true,none,494
2025-12-12 15:15:18.630,smart_meter,send_encrypted_data,657788,1.072,4908.866,true,none,495
2025-12-12 15:15:19.920,smart_meter,send_encrypted_data,658059,1.195,4405.416,true,none,496
2025-12-12 15:15:21.126,smart_meter,send_encrypted_data,657909,1.058,4974.737,true,none,497
2025-12-12 15:15:22.386,smart_meter,send_encrypted_data,658104,1.604,3282.314,true,none,498
2025-12-12 15:15:23.723,smart_meter,send_encrypted_data,657174,1.154,4555.799,true,none,499
2025-12-12 15:15:24.929,smart_meter,send_encrypted_data,658138,1.116,4717.835,true,none,500
