timestamp,algorithm,poly_modulus_degree,scale_bits,plaintext_size_bytes,ciphertext_size_bytes,encryption_time_ms,communication_overhead,security_level_bits,meter_id
2025-12-14 17:02:53.722,CKKS,8192,40,8,334351,5.571,41793.875,128,34
2025-12-14 17:02:53.752,CKKS,8192,40,8,334099,4.272,41762.375,128,1
2025-12-14 17:02:54.328,CKKS,8192,40,8,334328,4.693,41791.000,128,18
2025-12-14 17:02:54.929,CKKS,8192,40,8,334432,5.016,41804.000,128,35
2025-12-14 17:02:54.963,CKKS,8192,40,8,334516,4.471,41814.500,128,2
2025-12-14 17:02:55.539,CKKS,8192,40,8,334415,4.445,41801.875,128,19
2025-12-14 17:02:56.140,CKKS,8192,40,8,334395,4.735,41799.375,128,36
2025-12-14 17:02:56.172,CKKS,8192,40,8,334344,4.494,41793.000,128,3
2025-12-14 17:02:56.750,CKKS,8192,40,8,334184,4.421,41773.000,128,20
2025-12-14 17:02:57.353,CKKS,8192,40,8,334100,5.096,41762.500,128,37
2025-12-14 17:02:57.381,CKKS,8192,40,8,334389,4.428,41798.625,128,4
2025-12-14 17:02:57.969,CKKS,8192,40,8,334255,4.611,41781.875,128,21
2025-12-14 17:02:58.572,CKKS,8192,40,8,333994,4.974,41749.250,128,38
2025-12-14 17:02:58.592,CKKS,8192,40,8,334215,4.385,41776.875,128,5
2025-12-14 17:02:59.182,CKKS,8192,40,8,334384,4.585,41798.000,128,22
2025-12-14 17:02:59.786,CKKS,8192,40,8,334327,5.190,41790.875,128,39
2025-12-14 17:02:59.806,CKKS,8192,40,8,334197,4.375,41774.625,128,6
2025-12-14 17:03:00.390,CKKS,8192,40,8,334256,4.491,41782.000,128,23
2025-12-14 17:03:00.999,CKKS,8192,40,8,334500,4.932,41812.500,128,40
2025-12-14 17:03:01.017,CKKS,8192,40,8,334433,4.692,41804.125,128,7
2025-12-14 17:03:01.602,CKKS,8192,40,8,334161,4.581,41770.125,128,24
2025-12-14 17:03:02.213,CKKS,8192,40,8,334400,6.084,41800.000,128,41
2025-12-14 17:03:02.226,CKKS,8192,40,8,334232,4.396,41779.000,128,8
2025-12-14 17:03:02.813,CKKS,8192,40,8,334217,4.434,41777.125,128,25
2025-12-14 17:03:03.426,CKKS,8192,40,8,334308,4.908,41788.500,128,42
2025-12-14 17:03:03.436,CKKS,8192,40,8,334038,4.336,41754.750,128,9
2025-12-14 17:03:04.025,CKKS,8192,40,8,334171,4.386,41771.375,128,26
2025-12-14 17:03:04.638,CKKS,8192,40,8,334078,4.844,41759.750,128,43
2025-12-14 17:03:04.646,CKKS,8192,40,8,334259,4.231,41782.375,128,10
2025-12-14 17:03:05.237,CKKS,8192,40,8,334381,4.252,41797.625,128,27
2025-12-14 17:03:05.852,CKKS,8192,40,8,334368,4.954,41796.000,128,44
2025-12-14 17:03:05.859,CKKS,8192,40,8,334328,4.774,41791.000,128,11
2025-12-14 17:03:06.448,CKKS,8192,40,8,334073,4.340,41759.125,128,28
2025-12-14 17:03:07.067,CKKS,8192,40,8,334255,5.221,41781.875,128,45
2025-12-14 17:03:07.071,CKKS,8192,40,8,334413,6.457,41801.625,128,12
2025-12-14 17:03:07.660,CKKS,8192,40,8,334062,4.337,41757.750,128,29
2025-12-14 17:03:08.280,CKKS,8192,40,8,334126,5.058,41765.750,128,46
2025-12-14 17:03:08.285,CKKS,8192,40,8,334359,5.786,41794.875,128,13
2025-12-14 17:03:08.873,CKKS,8192,40,8,334431,4.454,41803.875,128,30
2025-12-14 17:03:09.500,CKKS,8192,40,8,334472,7.654,41809.000,128,14
2025-12-14 17:03:09.501,CKKS,8192,40,8,334161,8.341,41770.125,128,47
2025-12-14 17:03:10.087,CKKS,8192,40,8,334323,4.353,41790.375,128,31
2025-12-14 17:03:10.703,CKKS,8192,40,8,334170,4.446,41771.250,128,15
2025-12-14 17:03:10.707,CKKS,8192,40,8,334248,5.048,41781.000,128,48
2025-12-14 17:03:10.722,CKKS,8192,40,8,65536,4.953,8192.000,128,1
2025-12-14 17:03:10.726,CKKS,8192,40,8,65536,4.639,8192.000,128,2
2025-12-14 17:03:10.731,CKKS,8192,40,8,65536,4.360,8192.000,128,3
2025-12-14 17:03:10.735,CKKS,8192,40,8,65536,4.526,8192.000,128,4
2025-12-14 17:03:10.739,CKKS,8192,40,8,65536,4.395,8192.000,128,5
2025-12-14 17:03:10.744,CKKS,8192,40,8,65536,4.316,8192.000,128,6
2025-12-14 17:03:10.748,CKKS,8192,40,8,65536,4.478,8192.000,128,7
2025-12-14 17:03:10.753,CKKS,8192,40,8,65536,4.394,8192.000,128,8
2025-12-14 17:03:10.757,CKKS,8192,40,8,65536,4.370,8192.000,128,9
2025-12-14 17:03:10.761,CKKS,8192,40,8,65536,4.381,8192.000,128,10
2025-12-14 17:03:10.766,CKKS,8192,40,8,65536,4.337,8192.000,128,11
2025-12-14 17:03:10.770,CKKS,8192,40,8,65536,4.353,8192.000,128,12
2025-12-14 17:03:10.774,CKKS,8192,40,8,65536,4.413,8192.000,128,13
2025-12-14 17:03:10.780,CKKS,8192,40,8,65536,5.086,8192.000,128,14
2025-12-14 17:03:10.784,CKKS,8192,40,8,65536,4.705,8192.000,128,15
2025-12-14 17:03:10.789,CKKS,8192,40,8,65536,4.367,8192.000,128,16
2025-12-14 17:03:10.793,CKKS,8192,40,8,65536,4.351,8192.000,128,17
2025-12-14 17:03:10.797,CKKS,8192,40,8,65536,4.379,8192.000,128,18
2025-12-14 17:03:10.802,CKKS,8192,40,8,65536,4.393,8192.000,128,19
2025-12-14 17:03:10.806,CKKS,8192,40,8,65536,4.369,8192.000,128,20
2025-12-14 17:03:10.811,CKKS,8192,40,8,65536,4.379,8192.000,128,21
2025-12-14 17:03:10.815,CKKS,8192,40,8,65536,4.489,8192.000,128,22
2025-12-14 17:03:10.819,CKKS,8192,40,8,65536,4.175,8192.000,128,23
2025-12-14 17:03:10.823,CKKS,8192,40,8,65536,4.160,8192.000,128,24
2025-12-14 17:03:10.828,CKKS,8192,40,8,65536,4.202,8192.000,128,25
2025-12-14 17:03:10.832,CKKS,8192,40,8,65536,4.188,8192.000,128,26
2025-12-14 17:03:10.836,CKKS,8192,40,8,65536,4.190,8192.000,128,27
2025-12-14 17:03:10.840,CKKS,8192,40,8,65536,4.393,8192.000,128,28
2025-12-14 17:03:10.845,CKKS,8192,40,8,65536,4.391,8192.000,128,29
2025-12-14 17:03:10.849,CKKS,8192,40,8,65536,4.374,8192.000,128,30
2025-12-14 17:03:10.853,CKKS,8192,40,8,65536,4.351,8192.000,128,31
2025-12-14 17:03:10.858,CKKS,8192,40,8,65536,4.384,8192.000,128,32
2025-12-14 17:03:10.862,CKKS,8192,40,8,65536,4.405,8192.000,128,33
2025-12-14 17:03:10.867,CKKS,8192,40,8,65536,4.405,8192.000,128,34
2025-12-14 17:03:10.871,CKKS,8192,40,8,65536,4.423,8192.000,128,35
2025-12-14 17:03:10.876,CKKS,8192,40,8,65536,5.156,8192.000,128,36
2025-12-14 17:03:10.881,CKKS,8192,40,8,65536,4.449,8192.000,128,37
2025-12-14 17:03:10.885,CKKS,8192,40,8,65536,4.493,8192.000,128,38
2025-12-14 17:03:10.889,CKKS,8192,40,8,65536,4.208,8192.000,128,39
2025-12-14 17:03:10.894,CKKS,8192,40,8,65536,4.290,8192.000,128,40
2025-12-14 17:03:10.898,CKKS,8192,40,8,65536,4.267,8192.000,128,41
2025-12-14 17:03:10.902,CKKS,8192,40,8,65536,4.268,8192.000,128,42
2025-12-14 17:03:10.906,CKKS,8192,40,8,65536,4.283,8192.000,128,43
2025-12-14 17:03:10.911,CKKS,8192,40,8,65536,4.441,8192.000,128,44
2025-12-14 17:03:10.915,CKKS,8192,40,8,65536,4.400,8192.000,128,45
2025-12-14 17:03:10.920,CKKS,8192,40,8,65536,4.392,8192.000,128,46
2025-12-14 17:03:10.924,CKKS,8192,40,8,65536,4.411,8192.000,128,47
2025-12-14 17:03:10.928,CKKS,8192,40,8,65536,4.262,8192.000,128,48
2025-12-14 17:03:11.299,CKKS,8192,40,8,334325,4.941,41790.625,128,32
2025-12-14 17:03:11.917,CKKS,8192,40,8,334314,4.448,41789.250,128,16
2025-12-14 17:03:11.926,CKKS,8192,40,8,334207,5.125,41775.875,128,49
2025-12-14 17:03:12.511,CKKS,8192,40,8,334443,4.329,41805.375,128,33
2025-12-14 17:03:13.131,CKKS,8192,40,8,334303,6.097,41787.875,128,17
